{"cameraMode":{"drawMode":0,"name":"Shaded","section":"Shading Mode"},"sceneLighting":false,"audioPlay":false,"sceneViewState":{"showFog":true,"showMaterialUpdate":false,"showSkybox":true,"showFlares":true,"showImageEffects":true,"showParticleSystems":true},"in2DMode":false,"pivot":{"x":2.6088554859161379,"y":-2.0540778636932375,"z":-3.2897043228149416},"rotation":{"x":-0.075139619410038,"y":0.9242451190948486,"z":-0.28166449069976809,"w":-0.24656106531620027},"size":6.32274866104126,"orthographic":false}